cruise_name,location,price,currency,guests,special_offer,available_dates,image
3-Night Cruise from Singapore,Singapore,"₹1,09,956",INR,2 Guests,Guaranteed with Restrictions,Show 64 Dates,https://cdn1.parksmedia.wdprapps.disney.com/resize/mwImage/1/350/200/75/vision-dam/digital/parks-platform/parks-global-assets/disney-cruise-line/ports/singapore/Singapore-Skyline-3-00.jpg?2024-10-23T16:44:03+00:00
4-Night Cruise from Singapore,Singapore,"₹1,32,920",INR,2 Guests,Guaranteed with Restrictions,Show 38 Dates,https://cdn1.parksmedia.wdprapps.disney.com/resize/mwImage/1/350/200/75/vision-dam/digital/parks-platform/parks-global-assets/disney-cruise-line/ports/singapore/Singapore-Skyline-2-00.jpg?2024-10-23T16:44:03+00:00
4-Night Langkawi Cruise from Singapore,"Sailing to Langkawi, Malaysia","₹1,47,692",INR,2 Guests,N/A,Show 27 Dates,https://cdn1.parksmedia.wdprapps.disney.com/resize/mwImage/1/350/200/75/vision-dam/digital/parks-platform/parks-global-assets/disney-cruise-line/ports/langkawi/AdobeStock_231435229-00.jpg?2026-07-13T22:26:46+00:00
3-Night Baja Cruise from San Diego,"Sailing to Ensenada, Mexico","₹1,18,303",INR,2 Guests,Guaranteed with Restrictions,Show 21 Dates,https://cdn1.parksmedia.wdprapps.disney.com/resize/mwImage/1/350/200/75/dam/disney-cruise-line/cruise-products/ensenada/Ensenada-03-16x9.jpg?1714372404920
4-Night Baja Cruise from San Diego,"Sailing to Ensenada, Mexico","₹1,24,776",INR,2 Guests,Guaranteed with Restrictions,Show 9 Dates,https://cdn1.parksmedia.wdprapps.disney.com/resize/mwImage/1/350/200/75/dam/disney-cruise-line/cruise-products/ensenada/Ensenada-03-16x9.jpg?1714372404920
3-Night Baja Cruise from San Diego,"Sailing to Ensenada, Mexico","₹1,29,140",INR,2 Guests,Guaranteed with Restrictions,Show 4 Dates,https://cdn1.parksmedia.wdprapps.disney.com/resize/mwImage/1/960/270/75/dam/disney-cruise-line/cruise-products/ensenada/Ensenada-04-16x9.jpg?1714372404920
3-Night Baja Cruise from San Diego,"Sailing to Catalina Island, California Ensenada, Mexico","₹1,31,479",INR,2 Guests,Guaranteed with Restrictions,Show 3 Dates,https://cdn1.parksmedia.wdprapps.disney.com/resize/mwImage/1/350/200/75/dam/disney-cruise-line/cruise-products/ensenada/Ensenada-01-16x9.jpg?1714372404918
4-Night Baja Cruise from San Diego,"Sailing to Catalina Island, California Ensenada, Mexico","₹1,39,377",INR,2 Guests,Guaranteed with Restrictions,Show 18 Dates,https://cdn1.parksmedia.wdprapps.disney.com/resize/mwImage/1/350/200/75/dam/disney-cruise-line/cruise-products/catalina-island/catalina-island-adobestock_290870115-16x9.jpg?1787673526447
3-Night Bahamian Cruise from Fort Lauderdale,Sailing to Disney Lookout Cay at Lighthouse Point,"₹1,40,402",INR,2 Guests,Guaranteed with Restrictions,Show 3 Dates,https://cdn1.parksmedia.wdprapps.disney.com/resize/mwImage/1/350/200/75/vision-dam/digital/parks-platform/parks-global-assets/disney-cruise-line/lighthouse-point/0606ZM_0299SD_R2_xak-16x9.jpg?2024-09-10T15:57:48+00:00
4-Night Baja Cruise from San Diego,"Sailing to Ensenada, Mexico","₹1,46,093",INR,2 Guests,Guaranteed with Restrictions,Show 1 Date,https://cdn1.parksmedia.wdprapps.disney.com/resize/mwImage/1/960/270/75/dam/disney-cruise-line/cruise-products/ensenada/Ensenada-01-16x9.jpg?1714372404918
3-Night Bahamian Cruise from Fort Lauderdale,"Sailing to Disney Lookout Cay at Lighthouse Point Nassau, Bahamas","₹1,47,763",INR,2 Guests,Guaranteed with Restrictions,Show 9 Dates,https://cdn1.parksmedia.wdprapps.disney.com/resize/mwImage/1/960/270/75/vision-dam/digital/parks-platform/parks-global-assets/disney-cruise-line/lighthouse-point/0606ZM_0211SD_xak-16x9.jpg?2024-09-10T15:57:47+00:00
4-Night Baja Cruise from San Diego,"Sailing to Catalina Island, California Ensenada, Mexico","₹1,48,863",INR,2 Guests,Guaranteed with Restrictions,Show 6 Dates,https://cdn1.parksmedia.wdprapps.disney.com/resize/mwImage/1/960/270/75/dam/disney-cruise-line/cruise-products/catalina-island/catalina-island-adobestock_290870115-16x9.jpg?1787673526447
4-Night Baja Cruise from San Diego,"Sailing to Ensenada, Mexico","₹1,49,175",INR,2 Guests,Guaranteed with Restrictions,Show 1 Date,https://cdn1.parksmedia.wdprapps.disney.com/resize/mwImage/1/960/270/75/dam/disney-cruise-line/cruise-products/ensenada/Ensenada-02-16x9.jpg?1714372404919
3-Night Baja Cruise from San Diego,"Sailing to Ensenada, Mexico","₹1,53,992",INR,2 Guests,Guaranteed with Restrictions,Show 8 Dates,https://cdn1.parksmedia.wdprapps.disney.com/resize/mwImage/1/960/270/75/dam/disney-cruise-line/cruise-products/ensenada/Ensenada-03-16x9.jpg?1714372404920
4-Night Pacific Coast Cruise from San Diego ending in Vancouver,"Sailing to Vancouver (British Columbia), Canada","₹1,59,577",INR,2 Guests,One-Way Cruise,Show 3 Dates,https://cdn1.parksmedia.wdprapps.disney.com/resize/mwImage/1/350/200/75/dam/disney-cruise-line/cruise-products/vancouver/vancouver-00-16x9.jpg?1789667408724
3-Night Bahamian Cruise from Fort Lauderdale,"Sailing to Disney Lookout Cay at Lighthouse Point Nassau, Bahamas","₹1,59,983",INR,2 Guests,N/A,Show 26 Dates,https://cdn1.parksmedia.wdprapps.disney.com/resize/mwImage/1/350/200/75/vision-dam/digital/parks-platform/parks-global-assets/disney-cruise-line/lighthouse-point/0606ZM_0299SD_R2_xak-16x9.jpg?2024-09-10T15:57:48+00:00
4-Night Pacific Coast Cruise from Vancouver ending in San Diego,"Sailing to San Diego, California","₹1,65,279",INR,2 Guests,One-Way Cruise,Show 2 Dates,https://cdn1.parksmedia.wdprapps.disney.com/resize/mwImage/1/350/200/75/dam/disney-cruise-line/cruise-products/san-diego/san-diego-adobeStock_82570608-16x9.jpg?1789667123571
4-Night Western Caribbean Cruise from Galveston,"Sailing to Progreso, Mexico","₹1,65,871",INR,2 Guests,Guaranteed with Restrictions,Show 5 Dates,https://cdn1.parksmedia.wdprapps.disney.com/resize/mwImage/1/960/270/75/dam/disney-cruise-line/cruise-products/progreso-mexico/progreso-mexico-02-16x9.jpg?1722895825822
5-Night Mexican Riviera Cruise from San Diego,"Sailing to Cabo San Lucas, Mexico Ensenada, Mexico","₹1,67,121",INR,2 Guests,Guaranteed with Restrictions,Show 4 Dates,https://cdn1.parksmedia.wdprapps.disney.com/resize/mwImage/1/960/270/75/dam/disney-cruise-line/cruise-products/cabo-san-lucas/Cabo-San-Lucas-03-16x9.jpg?1714369794164
3-Night Bahamian Cruise from Port Canaveral,"Sailing to Nassau, Bahamas Disney Castaway Cay","₹1,68,575",INR,2 Guests,Guaranteed with Restrictions,Show 56 Dates,https://cdn1.parksmedia.wdprapps.disney.com/resize/mwImage/1/350/200/75/dam/disney-cruise-line/cruise-products/castaway-cay/castaway-cay-06-16x9.jpg?1778446216016
4-Night Bahamian Cruise from Fort Lauderdale,"Sailing to Nassau, Bahamas Disney Lookout Cay at Lighthouse Point","₹1,69,726",INR,2 Guests,Guaranteed with Restrictions,Show 4 Dates,https://cdn1.parksmedia.wdprapps.disney.com/resize/mwImage/1/960/270/75/dam/disney-cruise-line/cruise-products/nassau/nassau-04-16x9.jpg?1778446263814
4-Night Western Caribbean Cruise from Galveston,"Sailing to Progreso, Mexico","₹1,74,663",INR,2 Guests,N/A,Show 13 Dates,https://cdn1.parksmedia.wdprapps.disney.com/resize/mwImage/1/350/200/75/dam/disney-cruise-line/cruise-products/progreso-mexico/progreso-mexico-02-16x9.jpg?1722895825822
4-Night Bahamian Cruise from Fort Lauderdale,Sailing to Disney Lookout Cay at Lighthouse Point Disney Castaway Cay,"₹1,75,328",INR,2 Guests,Guaranteed with Restrictions,Show 2 Dates,https://cdn1.parksmedia.wdprapps.disney.com/resize/mwImage/1/960/270/75/vision-dam/digital/parks-platform/parks-global-assets/disney-cruise-line/lighthouse-point/0606ZM_0097SD_xak-16x9.jpg?2024-09-10T15:57:48+00:00
3-Night Bahamian Cruise from Fort Lauderdale,"Sailing to Disney Lookout Cay at Lighthouse Point Nassau, Bahamas","₹1,77,817",INR,2 Guests,N/A,Show 4 Dates,https://cdn1.parksmedia.wdprapps.disney.com/resize/mwImage/1/960/270/75/vision-dam/digital/parks-platform/parks-global-assets/disney-cruise-line/lighthouse-point/0606ZM_0299SD_R2_xak-16x9.jpg?2024-09-10T15:57:48+00:00
4-Night Bahamian Cruise from Fort Lauderdale,Sailing to Disney Lookout Cay at Lighthouse Point Disney Castaway Cay,"₹1,78,410",INR,2 Guests,Guaranteed with Restrictions,Show 8 Dates,https://cdn1.parksmedia.wdprapps.disney.com/resize/mwImage/1/960/270/75/vision-dam/digital/parks-platform/parks-global-assets/disney-cruise-line/lighthouse-point/0607ZM_0117SD_xak-16x9.jpg?2024-09-10T15:57:48+00:00
4-Night Bahamian Cruise from Fort Lauderdale,"Sailing to Disney Lookout Cay at Lighthouse Point Nassau, Bahamas","₹1,80,514",INR,2 Guests,Guaranteed with Restrictions,Show 22 Dates,https://cdn1.parksmedia.wdprapps.disney.com/resize/mwImage/1/350/200/75/dam/disney-cruise-line/cruise-products/nassau/nassau-03-16x9.jpg?1778446263813
5-Night Mexican Riviera Cruise from San Diego,"Sailing to Cabo San Lucas, Mexico Ensenada, Mexico","₹1,81,570",INR,2 Guests,Guaranteed with Restrictions,Show 2 Dates,https://cdn1.parksmedia.wdprapps.disney.com/resize/mwImage/1/960/270/75/dam/disney-cruise-line/cruise-products/cabo-san-lucas/Cabo-San-Lucas-04-16x9.jpg?1714369794166
3-Night Bahamian Cruise from Port Canaveral,"Sailing to Nassau, Bahamas Disney Castaway Cay","₹1,81,868",INR,2 Guests,Guaranteed with Restrictions,Show 13 Dates,https://cdn1.parksmedia.wdprapps.disney.com/resize/mwImage/1/960/270/75/dam/disney-cruise-line/cruise-products/nassau/nassau-00-16x9.jpg?1778446263811
4-Night Bahamian Cruise from Fort Lauderdale,Sailing to Disney Castaway Cay Disney Lookout Cay at Lighthouse Point,"₹1,82,263",INR,2 Guests,Guaranteed with Restrictions,Show 15 Dates,https://cdn1.parksmedia.wdprapps.disney.com/resize/mwImage/1/350/200/75/dam/disney-cruise-line/cruise-products/castaway-cay/castaway-cay-04-16x9.jpg?1778446216016
4-Night Baja Cruise from San Diego,"Sailing to Catalina Island, California Ensenada, Mexico","₹1,83,856",INR,2 Guests,N/A,Show 5 Dates,https://cdn1.parksmedia.wdprapps.disney.com/resize/mwImage/1/960/270/75/dam/disney-cruise-line/cruise-products/ensenada/Ensenada-01-16x9.jpg?1714372404918
3-Night Bahamian Cruise from Port Canaveral,"Sailing to Nassau, Bahamas Disney Castaway Cay","₹1,88,151",INR,2 Guests,Guaranteed with Restrictions,Show 12 Dates,https://cdn1.parksmedia.wdprapps.disney.com/resize/mwImage/1/960/270/75/dam/disney-cruise-line/cruise-products/nassau/nassau-01-16x9.jpg?1778446263812
6-Night Mexican Riviera Cruise from San Diego,"Sailing to Ensenada, Mexico Cabo San Lucas, Mexico","₹1,91,973",INR,2 Guests,Guaranteed with Restrictions,Show 1 Date,https://cdn1.parksmedia.wdprapps.disney.com/resize/mwImage/1/960/270/75/dam/disney-cruise-line/cruise-products/cabo-san-lucas/cabo-san-lucas-08-16x9.jpg?1714369794170
4-Night Bahamian Cruise from Port Canaveral,Sailing to Disney Castaway Cay Disney Lookout Cay at Lighthouse Point,"₹1,92,331",INR,2 Guests,Guaranteed with Restrictions,Show 15 Dates,https://cdn1.parksmedia.wdprapps.disney.com/resize/mwImage/1/960/270/75/dam/disney-cruise-line/cruise-products/castaway-cay/castaway-cay-04-16x9.jpg?1778446216016
5-Night Western Caribbean Cruise from Galveston,"Sailing to Cozumel, Mexico Progreso, Mexico","₹1,94,603",INR,2 Guests,Guaranteed with Restrictions,Show 9 Dates,https://cdn1.parksmedia.wdprapps.disney.com/resize/mwImage/1/960/270/75/dam/disney-cruise-line/cruise-products/progreso-mexico/progreso-mexico-02-16x9.jpg?1722895825822
6-Night Mexican Riviera Cruise from San Diego,"Sailing to Cabo San Lucas, Mexico Ensenada, Mexico","₹1,95,441",INR,2 Guests,Guaranteed with Restrictions,Show 4 Dates,https://cdn1.parksmedia.wdprapps.disney.com/resize/mwImage/1/960/270/75/dam/disney-cruise-line/cruise-products/cabo-san-lucas/Cabo-San-Lucas-03-16x9.jpg?1714369794164
3-Night Bahamian Cruise from Fort Lauderdale,Sailing to Disney Lookout Cay at Lighthouse Point,"₹1,99,931",INR,2 Guests,N/A,Show 1 Date,https://cdn1.parksmedia.wdprapps.disney.com/resize/mwImage/1/960/270/75/vision-dam/digital/parks-platform/parks-global-assets/disney-cruise-line/lighthouse-point/0607ZM_0117SD_xak-16x9.jpg?2024-09-10T15:57:48+00:00
3-Night Bahamian Cruise from Port Canaveral,Sailing to Disney Castaway Cay,"₹2,00,528",INR,2 Guests,N/A,Show 6 Dates,https://cdn1.parksmedia.wdprapps.disney.com/resize/mwImage/1/350/200/75/dam/disney-cruise-line/cruise-products/castaway-cay/castaway-cay-05-16x9.jpg?1778446216016
4-Night Bahamian Cruise from Port Canaveral,"Sailing to Nassau, Bahamas Disney Castaway Cay","₹2,01,124",INR,2 Guests,Guaranteed with Restrictions,Show 36 Dates,https://cdn1.parksmedia.wdprapps.disney.com/resize/mwImage/1/350/200/75/dam/disney-cruise-line/cruise-products/nassau/nassau-00-16x9.jpg?1778446263811
4-Night Western Caribbean Cruise from Galveston,"Sailing to Progreso, Mexico","₹2,03,062",INR,2 Guests,N/A,Show 3 Dates,https://cdn1.parksmedia.wdprapps.disney.com/resize/mwImage/1/960/270/75/dam/disney-cruise-line/cruise-products/progreso-mexico/progreso-mexico-00-16x9.jpg?1722895825820
4-Night Bahamian Cruise from Fort Lauderdale,"Sailing to Disney Castaway Cay Nassau, Bahamas","₹2,10,340",INR,2 Guests,N/A,Show 16 Dates,https://cdn1.parksmedia.wdprapps.disney.com/resize/mwImage/1/350/200/75/dam/disney-cruise-line/cruise-products/castaway-cay/castaway-cay-04-16x9.jpg?1778446216016
4-Night Bahamian Cruise from Port Canaveral,Sailing to Disney Castaway Cay Disney Lookout Cay at Lighthouse Point,"₹2,11,596",INR,2 Guests,Guaranteed with Restrictions,Show 14 Dates,https://cdn1.parksmedia.wdprapps.disney.com/resize/mwImage/1/960/270/75/dam/disney-cruise-line/cruise-products/castaway-cay/castaway-cay-00-16x9.jpg?1778446216015
4-Night Bahamian Cruise from Port Canaveral,"Sailing to Nassau, Bahamas Disney Castaway Cay","₹2,13,453",INR,2 Guests,Guaranteed with Restrictions,Show 4 Dates,https://cdn1.parksmedia.wdprapps.disney.com/resize/mwImage/1/960/270/75/dam/disney-cruise-line/cruise-products/nassau/nassau-00-16x9.jpg?1778446263811
5-Night Baja Cruise from San Diego,"Sailing to Catalina Island, California Ensenada, Mexico","₹2,13,993",INR,2 Guests,N/A,Show 4 Dates,https://cdn1.parksmedia.wdprapps.disney.com/resize/mwImage/1/350/200/75/dam/disney-cruise-line/cruise-products/ensenada/Ensenada-04-16x9.jpg?1714372404920
4-Night Bahamian Cruise from Fort Lauderdale,"Sailing to Nassau, Bahamas Disney Castaway Cay","₹2,14,397",INR,2 Guests,Guaranteed with Restrictions,Show 1 Date,https://cdn1.parksmedia.wdprapps.disney.com/resize/mwImage/1/960/270/75/dam/disney-cruise-line/cruise-products/nassau/nassau-04-16x9.jpg?1778446263814
5-Night Baja Cruise from San Diego,"Sailing to Catalina Island, California Ensenada, Mexico","₹2,17,570",INR,2 Guests,N/A,Show 2 Dates,https://cdn1.parksmedia.wdprapps.disney.com/resize/mwImage/1/960/270/75/dam/disney-cruise-line/ports/catalina-island-california/panoramic-avalon-harbor-catalina-16x9.jpg?1787673526446
5-Night Western Caribbean Cruise from Galveston,"Sailing to Cozumel, Mexico Progreso, Mexico","₹2,19,589",INR,2 Guests,N/A,Show 14 Dates,https://cdn1.parksmedia.wdprapps.disney.com/resize/mwImage/1/350/200/75/dam/disney-cruise-line/cruise-products/cozumel-mexico/cozumel-mexico-01-16x9.jpg?1714372283066
4-Night Bahamian Cruise from Port Canaveral,"Sailing to Nassau, Bahamas Disney Lookout Cay at Lighthouse Point","₹2,19,611",INR,2 Guests,N/A,Show 15 Dates,https://cdn1.parksmedia.wdprapps.disney.com/resize/mwImage/1/350/200/75/dam/disney-cruise-line/cruise-products/nassau/nassau-01-16x9.jpg?1778446263812
5-Night Mexican Riviera Cruise from San Diego,"Sailing to Cabo San Lucas, Mexico Ensenada, Mexico","₹2,19,990",INR,2 Guests,N/A,Show 2 Dates,https://cdn1.parksmedia.wdprapps.disney.com/resize/mwImage/1/350/200/75/dam/disney-cruise-line/cruise-products/ensenada/Ensenada-00-16x9.jpg?1714372404915
5-Night Western Caribbean Cruise from Galveston,"Sailing to Cozumel, Mexico Progreso, Mexico","₹2,21,683",INR,2 Guests,N/A,Show 5 Dates,https://cdn1.parksmedia.wdprapps.disney.com/resize/mwImage/1/960/270/75/dam/disney-cruise-line/cruise-products/progreso-mexico/progreso-mexico-00-16x9.jpg?1722895825820
5-Night Baja Cruise from San Diego,"Sailing to Catalina Island, California Ensenada, Mexico","₹2,23,625",INR,2 Guests,N/A,Show 1 Date,https://cdn1.parksmedia.wdprapps.disney.com/resize/mwImage/1/960/270/75/dam/disney-cruise-line/cruise-products/catalina-island/catalina-island-adobestock_290870115-16x9.jpg?1787673526447
4-Night Bahamian Cruise from Port Canaveral,"Sailing to Nassau, Bahamas Disney Castaway Cay","₹2,25,910",INR,2 Guests,Guaranteed with Restrictions,Show 2 Dates,https://cdn1.parksmedia.wdprapps.disney.com/resize/mwImage/1/960/270/75/dam/disney-cruise-line/cruise-products/nassau/nassau-00-16x9.jpg?1778446263811
3-Night Bahamian Cruise from Port Canaveral,Sailing to Disney Castaway Cay,"₹2,25,958",INR,2 Guests,Guaranteed with Restrictions,Show 3 Dates,https://cdn1.parksmedia.wdprapps.disney.com/resize/mwImage/1/960/270/75/dam/disney-cruise-line/cruise-products/castaway-cay/castaway-cay-01-16x9.jpg?1778446216015
5-Night Western Caribbean Cruise from Galveston,"Sailing to Progreso, Mexico","₹2,28,605",INR,2 Guests,N/A,Show 1 Date,https://cdn1.parksmedia.wdprapps.disney.com/resize/mwImage/1/350/200/75/dam/disney-cruise-line/cruise-products/progreso-mexico/progreso-mexico-02-16x9.jpg?1722895825822
5-Night Bahamian Cruise from Port Canaveral,"Sailing to Disney Castaway Cay Disney Lookout Cay at Lighthouse Point Nassau, Bahamas","₹2,35,044",INR,2 Guests,Guaranteed with Restrictions,Show 9 Dates,https://cdn1.parksmedia.wdprapps.disney.com/resize/mwImage/1/960/270/75/dam/disney-cruise-line/cruise-products/castaway-cay/castaway-cay-04-16x9.jpg?1778446216016
5-Night Bahamian Cruise from Port Canaveral,"Sailing to Disney Castaway Cay Nassau, Bahamas Disney Lookout Cay at Lighthouse Point","₹2,35,044",INR,2 Guests,Guaranteed with Restrictions,Show 36 Dates,https://cdn1.parksmedia.wdprapps.disney.com/resize/mwImage/1/350/200/75/dam/disney-cruise-line/cruise-products/castaway-cay/castaway-cay-01-16x9.jpg?1778446216015
3-Night Bahamian Cruise from Fort Lauderdale,Sailing to Disney Castaway Cay,"₹2,37,498",INR,2 Guests,N/A,Show 1 Date,https://cdn1.parksmedia.wdprapps.disney.com/resize/mwImage/1/350/200/75/dam/disney-cruise-line/cruise-products/castaway-cay/castaway-cay-06-16x9.jpg?1778446216016
4-Night Bahamian Cruise from Fort Lauderdale,"Sailing to Nassau, Bahamas Disney Castaway Cay","₹2,40,598",INR,2 Guests,Guaranteed with Restrictions,Show 1 Date,https://cdn1.parksmedia.wdprapps.disney.com/resize/mwImage/1/960/270/75/dam/disney-cruise-line/cruise-products/nassau/nassau-01-16x9.jpg?1778446263812
4-Night Bahamian Cruise from Fort Lauderdale,"Sailing to Disney Lookout Cay at Lighthouse Point Nassau, Bahamas","₹2,41,392",INR,2 Guests,Guaranteed with Restrictions,Show 4 Dates,https://cdn1.parksmedia.wdprapps.disney.com/resize/mwImage/1/960/270/75/vision-dam/digital/parks-platform/parks-global-assets/disney-cruise-line/lighthouse-point/0606ZM_0097SD_xak-16x9.jpg?2024-09-10T15:57:48+00:00
5-Night Western Caribbean Cruise from Fort Lauderdale,"Sailing to Disney Castaway Cay Cozumel, Mexico","₹2,42,031",INR,2 Guests,Guaranteed with Restrictions,Show 16 Dates,https://cdn1.parksmedia.wdprapps.disney.com/resize/mwImage/1/350/200/75/dam/disney-cruise-line/cruise-products/castaway-cay/castaway-cay-05-16x9.jpg?1778446216016
7-Night Mexican Riviera Cruise from San Diego,"Sailing to Ensenada, Mexico Cabo San Lucas, Mexico Puerto Vallarta, Mexico","₹2,43,415",INR,2 Guests,Guaranteed with Restrictions,Show 2 Dates,https://cdn1.parksmedia.wdprapps.disney.com/resize/mwImage/1/960/270/75/dam/disney-cruise-line/cruise-products/ensenada/Ensenada-00-16x9.jpg?1714372404915
5-Night Western Caribbean Cruise from Fort Lauderdale,"Sailing to Cozumel, Mexico Disney Castaway Cay","₹2,43,950",INR,2 Guests,Guaranteed with Restrictions,Show 4 Dates,https://cdn1.parksmedia.wdprapps.disney.com/resize/mwImage/1/960/270/75/vision-dam/digital/parks-platform/parks-global-assets/disney-cruise-line/ports/cozumel-mexico/316936488-00-00.jpg?2023-03-14T22:41:41+00:00
4-Night Bahamian Cruise from Port Canaveral,Sailing to Disney Lookout Cay at Lighthouse Point Disney Castaway Cay,"₹2,45,289",INR,2 Guests,Guaranteed with Restrictions,Show 31 Dates,https://cdn1.parksmedia.wdprapps.disney.com/resize/mwImage/1/350/200/75/dam/disney-cruise-line/cruise-products/castaway-cay/castaway-cay-05-16x9.jpg?1778446216016
4-Night Eastern Caribbean Cruise from Fort Lauderdale ending in San Juan,"Sailing to Disney Castaway Cay Disney Lookout Cay at Lighthouse Point San Juan, Puerto Rico","₹2,48,913",INR,2 Guests,One-Way Cruise,Show 1 Date,https://cdn1.parksmedia.wdprapps.disney.com/resize/mwImage/1/350/200/75/dam/disney-cruise-line/cruise-products/san-juan/san-juan-adobeStock_256981147-16x9.jpg?1789667158352
6-Night Mexican Riviera Cruise from San Diego,"Sailing to Cabo San Lucas, Mexico Ensenada, Mexico","₹2,50,978",INR,2 Guests,N/A,Show 2 Dates,https://cdn1.parksmedia.wdprapps.disney.com/resize/mwImage/1/350/200/75/dam/disney-cruise-line/cruise-products/ensenada/Ensenada-00-16x9.jpg?1714372404915
4-Night Eastern Caribbean Cruise from San Juan ending in Port Canaveral,"Sailing to Disney Lookout Cay at Lighthouse Point Disney Castaway Cay Port Canaveral, Florida","₹2,52,554",INR,2 Guests,One-Way Cruise,Show 2 Dates,https://cdn1.parksmedia.wdprapps.disney.com/resize/mwImage/1/350/200/75/dam/disney-cruise-line/cruise-products/castaway-cay/castaway-cay-05-16x9.jpg?1778446216016
5-Night Western Caribbean Cruise from Port Canaveral,"Sailing to Disney Castaway Cay Cozumel, Mexico","₹2,58,563",INR,2 Guests,Guaranteed with Restrictions,Show 6 Dates,https://cdn1.parksmedia.wdprapps.disney.com/resize/mwImage/1/960/270/75/vision-dam/digital/parks-platform/parks-global-assets/disney-cruise-line/ports/cozumel-mexico/316936488-00-00.jpg?2023-03-14T22:41:41+00:00
5-Night Bahamian Cruise from Port Canaveral,"Sailing to Disney Castaway Cay Disney Lookout Cay at Lighthouse Point Nassau, Bahamas","₹2,59,125",INR,2 Guests,Guaranteed with Restrictions,Show 4 Dates,https://cdn1.parksmedia.wdprapps.disney.com/resize/mwImage/1/960/270/75/dam/disney-cruise-line/cruise-products/castaway-cay/castaway-cay-06-16x9.jpg?1778446216016
5-Night Eastern Caribbean Cruise from Port Canaveral ending San Juan,"Sailing to Disney Castaway Cay Disney Lookout Cay at Lighthouse Point St. Thomas, U.S. Virgin Islands San Juan, Puerto Rico","₹2,60,454",INR,2 Guests,One-Way Cruise,Show 1 Date,https://cdn1.parksmedia.wdprapps.disney.com/resize/mwImage/1/960/270/75/dam/disney-cruise-line/cruise-products/san-juan/san-juan-adobeStock_256981147-16x9.jpg?1789667158352
5-Night Eastern Caribbean Cruise from San Juan ending in Fort Lauderdale,"Sailing to St. Thomas, U.S. Virgin Islands Disney Lookout Cay at Lighthouse Point Disney Castaway Cay Fort Lauderdale, Florida","₹2,61,622",INR,2 Guests,One-Way Cruise,Show 1 Date,https://cdn1.parksmedia.wdprapps.disney.com/resize/mwImage/1/960/270/75/vision-dam/digital/parks-platform/parks-global-assets/stock/ft-lauderdale-fl/306620020-16x9.jpg?2022-07-05T17:29:09+00:00
5-Night Bahamian Cruise from Fort Lauderdale,"Sailing to Nassau, Bahamas Disney Lookout Cay at Lighthouse Point Disney Castaway Cay","₹2,64,385",INR,2 Guests,Guaranteed with Restrictions,Show 15 Dates,https://cdn1.parksmedia.wdprapps.disney.com/resize/mwImage/1/350/200/75/vision-dam/digital/parks-platform/parks-global-assets/disney-cruise-line/lighthouse-point/0606ZM_0211SD_xak-16x9.jpg?2024-09-10T15:57:47+00:00
5-Night Bahamian Cruise from Fort Lauderdale,"Sailing to Disney Lookout Cay at Lighthouse Point Disney Castaway Cay Nassau, Bahamas","₹2,71,127",INR,2 Guests,Guaranteed with Restrictions,Show 4 Dates,https://cdn1.parksmedia.wdprapps.disney.com/resize/mwImage/1/960/270/75/dam/disney-cruise-line/cruise-products/castaway-cay/castaway-cay-05-16x9.jpg?1778446216016
5-Night Western Caribbean Cruise from Port Canaveral,"Sailing to Disney Castaway Cay Cozumel, Mexico","₹2,72,595",INR,2 Guests,N/A,Show 5 Dates,https://cdn1.parksmedia.wdprapps.disney.com/resize/mwImage/1/350/200/75/dam/disney-cruise-line/cruise-products/castaway-cay/castaway-cay-04-16x9.jpg?1778446216016
5-Night Western Caribbean from Port Canaveral,"Sailing to Disney Castaway Cay Cozumel, Mexico","₹2,88,905",INR,2 Guests,N/A,Show 1 Date,https://cdn1.parksmedia.wdprapps.disney.com/resize/mwImage/1/960/270/75/vision-dam/digital/parks-platform/parks-global-assets/disney-cruise-line/ports/cozumel-mexico/316936488-00-00.jpg?2023-03-14T22:41:41+00:00
3-Night Bahamian Cruise from Fort Lauderdale,"Sailing to Disney Castaway Cay Nassau, Bahamas","₹2,91,639",INR,2 Guests,N/A,Show 1 Date,https://cdn1.parksmedia.wdprapps.disney.com/resize/mwImage/1/350/200/75/dam/disney-cruise-line/cruise-products/nassau/nassau-03-16x9.jpg?1778446263813
7-Night Bahamian Cruise from Galveston,Sailing to Disney Lookout Cay at Lighthouse Point Disney Castaway Cay,"₹2,97,888",INR,2 Guests,N/A,Show 2 Dates,https://cdn1.parksmedia.wdprapps.disney.com/resize/mwImage/1/350/200/75/dam/disney-cruise-line/cruise-products/castaway-cay/castaway-cay-06-16x9.jpg?1778446216016
7-Night Mexican Riviera Cruise from San Diego,"Sailing to Ensenada, Mexico Cabo San Lucas, Mexico Mazatlán, Mexico","₹2,98,806",INR,2 Guests,N/A,Show 1 Date,https://cdn1.parksmedia.wdprapps.disney.com/resize/mwImage/1/350/200/75/dam/disney-cruise-line/cruise-products/cabo-san-lucas/Cabo-San-Lucas-04-16x9.jpg?1714369794166
7-Night Mexican Riviera Cruise from San Diego,"Sailing to Ensenada, Mexico Cabo San Lucas, Mexico Puerto Vallarta, Mexico","₹2,98,871",INR,2 Guests,N/A,Show 6 Dates,https://cdn1.parksmedia.wdprapps.disney.com/resize/mwImage/1/350/200/75/dam/disney-cruise-line/cruise-products/ensenada/Ensenada-01-16x9.jpg?1714372404918
4-Night Bahamian Cruise from Port Canaveral,"Sailing to Nassau, Bahamas Disney Lookout Cay at Lighthouse Point","₹3,01,088",INR,2 Guests,N/A,Show 1 Date,https://cdn1.parksmedia.wdprapps.disney.com/resize/mwImage/1/960/270/75/vision-dam/digital/parks-platform/parks-global-assets/disney-cruise-line/lighthouse-point/0607ZM_0117SD_xak-16x9.jpg?2024-09-10T15:57:48+00:00
5-Night Western Caribbean Cruise from Port Canaveral,"Sailing to Disney Castaway Cay Cozumel, Mexico","₹3,02,872",INR,2 Guests,N/A,Show 1 Date,https://cdn1.parksmedia.wdprapps.disney.com/resize/mwImage/1/960/270/75/dam/disney-cruise-line/cruise-products/cozumel-mexico/cozumel-mexico-01-16x9.jpg?1714372283066
7-Night Bahamian Cruise from Galveston,"Sailing to Nassau, Bahamas Disney Castaway Cay","₹3,03,013",INR,2 Guests,N/A,Show 2 Dates,https://cdn1.parksmedia.wdprapps.disney.com/resize/mwImage/1/960/270/75/dam/disney-cruise-line/cruise-products/castaway-cay/castaway-cay-00-16x9.jpg?1778446216015
3-Night Bahamian Cruise from Fort Lauderdale,Sailing to Disney Lookout Cay at Lighthouse Point,"₹3,03,836",INR,2 Guests,N/A,Show 1 Date,https://cdn1.parksmedia.wdprapps.disney.com/resize/mwImage/1/960/270/75/vision-dam/digital/parks-platform/parks-global-assets/disney-cruise-line/lighthouse-point/0606ZM_0097SD_xak-16x9.jpg?2024-09-10T15:57:48+00:00
7-Night Eastern Caribbean Cruise from Fort Lauderdale,"Sailing to Disney Lookout Cay at Lighthouse Point San Juan, Puerto Rico Tortola, British Virgin Islands","₹3,06,554",INR,2 Guests,Guaranteed with Restrictions,Show 2 Dates,https://cdn1.parksmedia.wdprapps.disney.com/resize/mwImage/1/350/200/75/dam/disney-cruise-line/cruise-products/san-juan/san-juan-adobeStock_256981147-16x9.jpg?1789667158352
7-Night Mexican Riviera Cruise from San Diego,"Sailing to Ensenada, Mexico Cabo San Lucas, Mexico Puerto Vallarta, Mexico","₹3,07,276",INR,2 Guests,N/A,Show 2 Dates,https://cdn1.parksmedia.wdprapps.disney.com/resize/mwImage/1/960/270/75/dam/disney-cruise-line/cruise-products/ensenada/Ensenada-00-16x9.jpg?1714372404915
5-Night Bahamian Cruise from Port Canaveral,Sailing to Disney Castaway Cay Disney Lookout Cay at Lighthouse Point,"₹3,09,290",INR,2 Guests,N/A,Show 1 Date,https://cdn1.parksmedia.wdprapps.disney.com/resize/mwImage/1/960/270/75/dam/disney-cruise-line/cruise-products/castaway-cay/castaway-cay-00-16x9.jpg?1778446216015
6-Night Eastern Caribbean Cruise from San Juan ending in Port Canaveral,"Sailing to Philipsburg, St. Maarten St. Thomas, U.S. Virgin Islands Disney Lookout Cay at Lighthouse Point Disney Castaway Cay Port Canaveral, Florida","₹3,10,711",INR,2 Guests,One-Way Cruise,Show 1 Date,https://cdn1.parksmedia.wdprapps.disney.com/resize/mwImage/1/350/200/75/dam/disney-cruise-line/cruise-products/castaway-cay/castaway-cay-07-16x9.jpg?1778446216018
6-Night Bahamian Cruise from Fort Lauderdale,"Sailing to Disney Lookout Cay at Lighthouse Point Disney Castaway Cay Disney Lookout Cay at Lighthouse Point Nassau, Bahamas","₹3,12,896",INR,2 Guests,N/A,Show 1 Date,https://cdn1.parksmedia.wdprapps.disney.com/resize/mwImage/1/350/200/75/vision-dam/digital/parks-platform/parks-global-assets/disney-cruise-line/lighthouse-point/0606ZM_0211SD_xak-16x9.jpg?2024-09-10T15:57:47+00:00
6-Night Eastern Caribbean Cruise from Fort Lauderdale,"Sailing to Disney Castaway Cay Disney Lookout Cay at Lighthouse Point Puerto Plata, Dominican Republic","₹3,14,921",INR,2 Guests,N/A,Show 4 Dates,https://cdn1.parksmedia.wdprapps.disney.com/resize/mwImage/1/350/200/75/dam/disney-cruise-line/cruise-products/castaway-cay/castaway-cay-03-16x9.jpg?1778446216016
6-Night Eastern Caribbean Cruise from Fort Lauderdale ending San Juan,"Sailing to Disney Castaway Cay Disney Lookout Cay at Lighthouse Point St. Thomas, U.S. Virgin Islands Philipsburg, St. Maarten San Juan, Puerto Rico","₹3,17,741",INR,2 Guests,One-Way Cruise,Show 1 Date,https://cdn1.parksmedia.wdprapps.disney.com/resize/mwImage/1/350/200/75/dam/disney-cruise-line/cruise-products/san-juan/san-juan-adobeStock_256981147-16x9.jpg?1789667158352
5-Night Bahamian Cruise from Port Canaveral,"Sailing to Nassau, Bahamas Disney Castaway Cay Disney Lookout Cay at Lighthouse Point","₹3,20,485",INR,2 Guests,N/A,Show 7 Dates,https://cdn1.parksmedia.wdprapps.disney.com/resize/mwImage/1/960/270/75/dam/disney-cruise-line/cruise-products/nassau/nassau-03-16x9.jpg?1778446263813
3-Night Belgium Cruise from Southampton,"Sailing to Zeebrugge (Brussels), Belgium","₹3,22,690",INR,2 Guests,N/A,Show 1 Date,https://cdn1.parksmedia.wdprapps.disney.com/resize/mwImage/1/350/200/75/dam/disney-cruise-line/cruise-products/zeebrugge/zeebrugge-belgium-00-16x9.jpg?1714294091987
3-Night Northern Europe Cruise from Southampton,"Sailing to Rotterdam (Amsterdam), Netherlands","₹3,23,927",INR,2 Guests,N/A,Show 1 Date,https://cdn1.parksmedia.wdprapps.disney.com/resize/mwImage/1/350/200/75/vision-dam/digital/parks-platform/parks-global-assets/disney-cruise-line/ports/rotterdam-netherlands/AdobeStock_223922528-00.jpg?2023-02-17T19:19:22+00:00
7-Night Alaskan Cruise from Vancouver,"Sailing to Glacier Viewing (Stikine Icecap), Alaska Skagway, Alaska Icy Strait Point, Alaska Ketchikan, Alaska","₹3,27,058",INR,2 Guests,N/A,Show 16 Dates,https://cdn1.parksmedia.wdprapps.disney.com/resize/mwImage/1/350/200/75/dam/disney-cruise-line/cruise-products/ketchikan/ketchikan-02-16x9.jpg?1714717055799
5-Night Bahamian Cruise from Fort Lauderdale,"Sailing to Nassau, Bahamas Disney Castaway Cay Disney Lookout Cay at Lighthouse Point","₹3,29,755",INR,2 Guests,N/A,Show 3 Dates,https://cdn1.parksmedia.wdprapps.disney.com/resize/mwImage/1/960/270/75/vision-dam/digital/parks-platform/parks-global-assets/disney-cruise-line/lighthouse-point/0620ZM_0032SD_R2_xak-16x9.jpg?2024-09-10T15:57:48+00:00
7-Night Western Caribbean Cruise from Port Canaveral,"Sailing to Cozumel, Mexico George Town, Grand Cayman Falmouth, Jamaica Disney Castaway Cay","₹3,31,344",INR,2 Guests,Guaranteed with Restrictions,Show 6 Dates,https://cdn1.parksmedia.wdprapps.disney.com/resize/mwImage/1/960/270/75/dam/disney-cruise-line/cruise-products/castaway-cay/castaway-cay-05-16x9.jpg?1778446216016
7-Night Western Caribbean Cruise from Fort Lauderdale,"Sailing to Disney Lookout Cay at Lighthouse Point Falmouth, Jamaica George Town, Grand Cayman Cozumel, Mexico","₹3,40,798",INR,2 Guests,Guaranteed with Restrictions,Show 1 Date,https://cdn1.parksmedia.wdprapps.disney.com/resize/mwImage/1/960/270/75/vision-dam/digital/parks-platform/parks-global-assets/disney-cruise-line/lighthouse-point/0606ZM_0097SD_xak-16x9.jpg?2024-09-10T15:57:48+00:00
7-Night Western Caribbean Cruise from Port Canaveral,"Sailing to Cozumel, Mexico George Town, Grand Cayman Falmouth, Jamaica Disney Castaway Cay","₹3,41,154",INR,2 Guests,Guaranteed with Restrictions,Show 27 Dates,https://cdn1.parksmedia.wdprapps.disney.com/resize/mwImage/1/350/200/75/dam/disney-cruise-line/cruise-products/falmouth-jamaica/falmouth-jamaica-00-16x9.jpg?1714373159734
5-Night Bahamian Cruise from Port Canaveral,"Sailing to Nassau, Bahamas Disney Lookout Cay at Lighthouse Point","₹3,41,622",INR,2 Guests,N/A,Show 1 Date,https://cdn1.parksmedia.wdprapps.disney.com/resize/mwImage/1/960/270/75/dam/disney-cruise-line/cruise-products/nassau/nassau-03-16x9.jpg?1778446263813
5-Night Bahamian Cruise from Port Canaveral with 2 Stops at Castaway Cay,Sailing to Disney Castaway Cay Disney Lookout Cay at Lighthouse Point Disney Castaway Cay,"₹3,42,487",INR,2 Guests,2 Stops at Castaway Cay,Show 4 Dates,https://cdn1.parksmedia.wdprapps.disney.com/resize/mwImage/1/350/200/75/vision-dam/digital/parks-platform/parks-global-assets/disney-cruise-line/lighthouse-point/0620ZM_0032SD_R2_xak-16x9.jpg?2024-09-10T15:57:48+00:00
5-Night Bahamian Cruise from Fort Lauderdale,"Sailing to Nassau, Bahamas Disney Castaway Cay","₹3,47,134",INR,2 Guests,Guaranteed with Restrictions,Show 1 Date,https://cdn1.parksmedia.wdprapps.disney.com/resize/mwImage/1/960/270/75/dam/disney-cruise-line/cruise-products/nassau/nassau-02-16x9.jpg?1778446263812
7-Night Western Caribbean Cruise from Port Canaveral,"Sailing to Cozumel, Mexico George Town, Grand Cayman Falmouth, Jamaica Disney Castaway Cay","₹3,47,527",INR,2 Guests,Guaranteed with Restrictions,Show 6 Dates,https://cdn1.parksmedia.wdprapps.disney.com/resize/mwImage/1/960/270/75/dam/disney-cruise-line/cruise-products/george-town-grand-cayman/george-town-grand-cayman-00-16x9.jpg?1778446232586
7-Night Eastern Caribbean Cruise from Port Canaveral,"Sailing to Tortola, British Virgin Islands St. Thomas, U.S. Virgin Islands Disney Castaway Cay","₹3,47,824",INR,2 Guests,Guaranteed with Restrictions,Show 5 Dates,https://cdn1.parksmedia.wdprapps.disney.com/resize/mwImage/1/960/270/75/dam/disney-cruise-line/cruise-products/st-thomas-usvirgin-islands/st-thomas-usvirgin-islands-01-16x9.jpg?1714293208441
5-Night Bahamian Cruise from Fort Lauderdale,Sailing to Disney Castaway Cay Disney Lookout Cay at Lighthouse Point,"₹3,48,365",INR,2 Guests,N/A,Show 2 Dates,https://cdn1.parksmedia.wdprapps.disney.com/resize/mwImage/1/350/200/75/dam/disney-cruise-line/cruise-products/castaway-cay/castaway-cay-01-16x9.jpg?1778446216015
4-Night Bahamian Cruise from Port Canaveral,Sailing to Disney Lookout Cay at Lighthouse Point,"₹3,49,369",INR,2 Guests,Guaranteed with Restrictions,Show 1 Date,https://cdn1.parksmedia.wdprapps.disney.com/resize/mwImage/1/960/270/75/vision-dam/digital/parks-platform/parks-global-assets/disney-cruise-line/lighthouse-point/0607ZM_0117SD_xak-16x9.jpg?2024-09-10T15:57:48+00:00
5-Night Bermuda Cruise from New York ending in San Juan,"Sailing to King's Wharf, Bermuda King's Wharf, Bermuda San Juan, Puerto Rico","₹3,51,341",INR,2 Guests,One-Way Cruise,Show 1 Date,https://cdn1.parksmedia.wdprapps.disney.com/resize/mwImage/1/960/270/75/dam/disney-cruise-line/cruise-products/bermuda/bermuda-01-16x9.jpg?1714368844655
7-Night Eastern Caribbean Cruise from Port Canaveral,"Sailing to Tortola, British Virgin Islands San Juan, Puerto Rico Disney Castaway Cay","₹3,51,365",INR,2 Guests,Guaranteed with Restrictions,Show 4 Dates,https://cdn1.parksmedia.wdprapps.disney.com/resize/mwImage/1/350/200/75/dam/disney-cruise-line/cruise-products/san-juan/san-juan-adobeStock_191141435-16x9.jpg?1789667158352
6-Night Alaskan Cruise from Vancouver,"Sailing to Glacier Viewing (Stikine Icecap), Alaska Icy Strait Point, Alaska Ketchikan, Alaska","₹3,55,736",INR,2 Guests,N/A,Show 1 Date,https://cdn1.parksmedia.wdprapps.disney.com/resize/mwImage/1/350/200/75/dam/disney-cruise-line/cruise-products/ketchikan/ketchikan-00-16x9.jpg?1714717055798
7-Night Bahamian Cruise from Galveston,"Sailing to Nassau, Bahamas Disney Castaway Cay","₹3,58,304",INR,2 Guests,Guaranteed with Restrictions,Show 3 Dates,https://cdn1.parksmedia.wdprapps.disney.com/resize/mwImage/1/350/200/75/dam/disney-cruise-line/cruise-products/nassau/nassau-01-16x9.jpg?1778446263812
7-Night Eastern Caribbean Cruise from Fort Lauderdale,"Sailing to Disney Lookout Cay at Lighthouse Point San Juan, Puerto Rico Puerto Plata, Dominican Republic Disney Castaway Cay","₹3,59,323",INR,2 Guests,Guaranteed with Restrictions,Show 1 Date,https://cdn1.parksmedia.wdprapps.disney.com/resize/mwImage/1/960/270/75/dam/disney-cruise-line/cruise-products/san-juan/san-juan-adobeStock_256981147-16x9.jpg?1789667158352
7-Night Eastern Caribbean Cruise from Fort Lauderdale,"Sailing to Disney Lookout Cay at Lighthouse Point St. Thomas, U.S. Virgin Islands Philipsburg, St. Maarten","₹3,59,623",INR,2 Guests,N/A,Show 2 Dates,https://cdn1.parksmedia.wdprapps.disney.com/resize/mwImage/1/350/200/75/dam/disney-cruise-line/cruise-products/st-thomas-usvirgin-islands/st-thomas-usvirgin-islands-00-16x9.jpg?1714293208441
7-Night Eastern Caribbean Cruise from Port Canaveral,"Sailing to Tortola, British Virgin Islands St. Thomas, U.S. Virgin Islands Disney Castaway Cay","₹3,60,001",INR,2 Guests,Guaranteed with Restrictions,Show 25 Dates,https://cdn1.parksmedia.wdprapps.disney.com/resize/mwImage/1/350/200/75/dam/disney-cruise-line/cruise-products/tortola-british-virgin-islands/tortola-02-16x9.jpg?1714293978585
4-Night Spain Cruise from Southampton,"Sailing to Bilbao, Spain","₹3,62,203",INR,2 Guests,N/A,Show 1 Date,https://cdn1.parksmedia.wdprapps.disney.com/resize/mwImage/1/350/200/75/dam/disney-cruise-line/cruise-products/bilbao/bilbao-00-16x9.jpg?1778085458513
4-Night Spain Cruise from Southampton,"Sailing to La Coruña, Spain","₹3,64,447",INR,2 Guests,N/A,Show 2 Dates,https://cdn1.parksmedia.wdprapps.disney.com/resize/mwImage/1/350/200/75/dam/disney-cruise-line/cruise-products/la-coruna/la-coruna-01-16x9.jpg?1778852826070
7-Night Eastern Caribbean Cruise from Fort Lauderdale,"Sailing to Disney Lookout Cay at Lighthouse Point Disney Castaway Cay San Juan, Puerto Rico Puerto Plata, Dominican Republic","₹3,64,717",INR,2 Guests,Guaranteed with Restrictions,Show 1 Date,https://cdn1.parksmedia.wdprapps.disney.com/resize/mwImage/1/960/270/75/vision-dam/digital/parks-platform/parks-global-assets/disney-cruise-line/lighthouse-point/0607ZM_0117SD_xak-16x9.jpg?2024-09-10T15:57:48+00:00
7-Night Alaskan Cruise from Vancouver,"Sailing to Glacier Viewing (Stikine Icecap), Alaska Skagway, Alaska Juneau, Alaska Ketchikan, Alaska","₹3,67,503",INR,2 Guests,N/A,Show 19 Dates,https://cdn1.parksmedia.wdprapps.disney.com/resize/mwImage/1/350/200/75/dam/disney-cruise-line/cruise-products/skagway/skagway-00-16x9.jpg?1741208597513
7-Night Mexican Riviera Cruise from San Diego,"Sailing to Mazatlán, Mexico Cabo San Lucas, Mexico Ensenada, Mexico","₹3,68,599",INR,2 Guests,Guaranteed with Restrictions,Show 1 Date,https://cdn1.parksmedia.wdprapps.disney.com/resize/mwImage/1/960/270/75/dam/disney-cruise-line/cruise-products/cabo-san-lucas/cabo-san-lucas-09-16x9.jpg?1714369794181
7-Night Eastern Caribbean Cruise from Port Canaveral,"Sailing to St. Thomas, U.S. Virgin Islands Tortola, British Virgin Islands Disney Castaway Cay","₹3,69,401",INR,2 Guests,Guaranteed with Restrictions,Show 4 Dates,https://cdn1.parksmedia.wdprapps.disney.com/resize/mwImage/1/960/270/75/dam/disney-cruise-line/cruise-products/castaway-cay/castaway-cay-06-16x9.jpg?1778446216016
7-Night Eastern Caribbean Cruise from Fort Lauderdale,"Sailing to Disney Lookout Cay at Lighthouse Point San Juan, Puerto Rico St. Thomas, U.S. Virgin Islands Disney Castaway Cay","₹3,71,843",INR,2 Guests,N/A,Show 1 Date,https://cdn1.parksmedia.wdprapps.disney.com/resize/mwImage/1/350/200/75/dam/disney-cruise-line/cruise-products/san-juan/san-juan-adobeStock_256981147-16x9.jpg?1789667158352
7-Night Eastern Caribbean Cruise from Fort Lauderdale,"Sailing to Disney Lookout Cay at Lighthouse Point San Juan, Puerto Rico Philipsburg, St. Maarten","₹3,71,892",INR,2 Guests,N/A,Show 3 Dates,https://cdn1.parksmedia.wdprapps.disney.com/resize/mwImage/1/350/200/75/vision-dam/digital/parks-platform/parks-global-assets/disney-cruise-line/lighthouse-point/0606ZM_0097SD_xak-16x9.jpg?2024-09-10T15:57:48+00:00
7-Night Eastern Caribbean Cruise from Fort Lauderdale,"Sailing to Disney Lookout Cay at Lighthouse Point San Juan, Puerto Rico Philipsburg, St. Maarten","₹3,82,208",INR,2 Guests,Guaranteed with Restrictions,Show 1 Date,https://cdn1.parksmedia.wdprapps.disney.com/resize/mwImage/1/960/270/75/dam/disney-cruise-line/cruise-products/san-juan/san-juan-adobeStock_29413609-16x9.jpg?1789667158352
7-Night Bahamian Cruise from Fort Lauderdale with 2 stops at Castaway Cay,"Sailing to Disney Lookout Cay at Lighthouse Point Disney Castaway Cay Nassau, Bahamas Disney Castaway Cay","₹3,86,288",INR,2 Guests,2 Stops at Castaway Cay,Show 1 Date,https://cdn1.parksmedia.wdprapps.disney.com/resize/mwImage/1/960/270/75/vision-dam/digital/parks-platform/parks-global-assets/disney-cruise-line/lighthouse-point/0620ZM_0032SD_R2_xak-16x9.jpg?2024-09-10T15:57:48+00:00
7-Night Southern Caribbean Cruise from San Juan,"Sailing to Bridgetown, Barbados Castries, St. Lucia Roseau, Dominica St. John's, Antigua","₹4,01,716",INR,2 Guests,N/A,Show 1 Date,https://cdn1.parksmedia.wdprapps.disney.com/resize/mwImage/1/350/200/75/dam/disney-cruise-line/cruise-products/bridgetown-barbados/bridgetown-barbados-03-16x9.jpg?1714369695764
6-Night Western Caribbean Cruise from Port Canaveral,"Sailing to Cozumel, Mexico George Town, Grand Cayman Disney Castaway Cay","₹4,03,032",INR,2 Guests,N/A,Show 1 Date,https://cdn1.parksmedia.wdprapps.disney.com/resize/mwImage/1/350/200/75/dam/disney-cruise-line/cruise-products/cozumel-mexico/cozumel-mexico-01-16x9.jpg?1714372283066
7-Night Southern Caribbean Cruise from San Juan,"Sailing to Oranjestad, Aruba Willemstad, Curaçao Roseau, Dominica St. John's, Antigua","₹4,03,430",INR,2 Guests,N/A,Show 1 Date,https://cdn1.parksmedia.wdprapps.disney.com/resize/mwImage/1/960/270/75/dam/disney-cruise-line/cruise-products/Roseau-Dominica/Roseau-Dominica-00.jpg?1714713379252
6-Night Bahamian Cruise from Port Canaveral with 2 Stops at Castaway Cay,"Sailing to Disney Castaway Cay Disney Lookout Cay at Lighthouse Point Nassau, Bahamas Disney Castaway Cay","₹4,09,464",INR,2 Guests,2 Stops at Castaway Cay,Show 1 Date,https://cdn1.parksmedia.wdprapps.disney.com/resize/mwImage/1/350/200/75/dam/disney-cruise-line/cruise-products/castaway-cay/castaway-cay-07-16x9.jpg?1778446216018
6-Night Bahamian Cruise from Fort Lauderdale,Sailing to Disney Castaway Cay Disney Lookout Cay at Lighthouse Point Disney Castaway Cay,"₹4,21,601",INR,2 Guests,2 Stops at Castaway Cay,Show 1 Date,https://cdn1.parksmedia.wdprapps.disney.com/resize/mwImage/1/960/270/75/vision-dam/digital/parks-platform/parks-global-assets/disney-cruise-line/lighthouse-point/0607ZM_0117SD_xak-16x9.jpg?2024-09-10T15:57:48+00:00
5-Night Bermuda Cruise from New York,"Sailing to King's Wharf, Bermuda King's Wharf, Bermuda","₹4,25,770",INR,2 Guests,N/A,Show 2 Dates,https://cdn1.parksmedia.wdprapps.disney.com/resize/mwImage/1/960/270/75/dam/disney-cruise-line/cruise-products/bermuda/bermuda-04-16x9.jpg?1714368844656
7-Night Eastern Caribbean Cruise from Fort Lauderdale,"Sailing to Disney Lookout Cay at Lighthouse Point San Juan, Puerto Rico St. John's, Antigua","₹4,40,215",INR,2 Guests,N/A,Show 2 Dates,https://cdn1.parksmedia.wdprapps.disney.com/resize/mwImage/1/350/200/75/dam/disney-cruise-line/cruise-products/san-juan/san-juan-adobeStock_256981147-16x9.jpg?1789667158352
7-Night Southern Caribbean Cruise from San Juan,"Sailing to Oranjestad, Aruba Kralendijk, Bonaire Willemstad, Curaçao Philipsburg, St. Maarten","₹4,42,357",INR,2 Guests,N/A,Show 1 Date,https://cdn1.parksmedia.wdprapps.disney.com/resize/mwImage/1/350/200/75/dam/disney-cruise-line/cruise-products/willemstad-curacao/willemstad-curacao-00-16x9.jpg?1714372277592
5-Night Bahamian Cruise from Fort Lauderdale,"Sailing to Nassau, Bahamas Disney Lookout Cay at Lighthouse Point","₹4,71,997",INR,2 Guests,N/A,Show 1 Date,https://cdn1.parksmedia.wdprapps.disney.com/resize/mwImage/1/960/270/75/dam/disney-cruise-line/cruise-products/nassau/nassau-03-16x9.jpg?1778446263813
7-Night Southern Caribbean Cruise from San Juan,"Sailing to Oranjestad, Aruba Kralendijk, Bonaire Roseau, Dominica Philipsburg, St. Maarten","₹4,74,875",INR,2 Guests,N/A,Show 1 Date,https://cdn1.parksmedia.wdprapps.disney.com/resize/mwImage/1/350/200/75/dam/disney-cruise-line/cruise-products/Roseau-Dominica/Roseau-Dominica-00.jpg?1714713379252
7-Night Eastern Caribbean Cruise from Fort Lauderdale,"Sailing to Philipsburg, St. Maarten San Juan, Puerto Rico Disney Castaway Cay","₹4,75,615",INR,2 Guests,N/A,Show 1 Date,https://cdn1.parksmedia.wdprapps.disney.com/resize/mwImage/1/350/200/75/dam/disney-cruise-line/cruise-products/san-juan/san-juan-adobeStock_256981147-16x9.jpg?1789667158352
6-Night Bahamian Cruise from Fort Lauderdale with 2 Stops at Castaway Cay,"Sailing to Disney Lookout Cay at Lighthouse Point Disney Castaway Cay Nassau, Bahamas Disney Castaway Cay","₹4,75,840",INR,2 Guests,2 Stops at Castaway Cay,Show 1 Date,https://cdn1.parksmedia.wdprapps.disney.com/resize/mwImage/1/960/270/75/vision-dam/digital/parks-platform/parks-global-assets/disney-cruise-line/lighthouse-point/0607ZM_0117SD_xak-16x9.jpg?2024-09-10T15:57:48+00:00
14-Night Eastbound Panama Canal Cruise from San Diego ending in Galveston,"Sailing to Cabo San Lucas, Mexico Puerto Vallarta, Mexico Panama Canal Cartagena, Colombia George Town, Grand Cayman Galveston, Texas","₹4,77,221",INR,2 Guests,One-Way Cruise,Show 1 Date,https://cdn1.parksmedia.wdprapps.disney.com/resize/mwImage/1/350/200/75/dam/disney-cruise-line/cruise-products/cabo-san-lucas/cabo-san-lucas-09-16x9.jpg?1714369794181
14-Night Westbound Panama Canal Cruise from Galveston ending in San Diego,"Sailing to Cartagena, Colombia Colón, Panama Panama Canal Cabo San Lucas, Mexico Ensenada, Mexico San Diego, California","₹4,87,586",INR,2 Guests,One-Way Cruise,Show 1 Date,https://cdn1.parksmedia.wdprapps.disney.com/resize/mwImage/1/350/200/75/dam/disney-cruise-line/cruise-products/cabo-san-lucas/Cabo-San-Lucas-03-16x9.jpg?1714369794164
7-Night Bahamian Cruise from Galveston,"Sailing to Disney Lookout Cay at Lighthouse Point Nassau, Bahamas","₹5,02,578",INR,2 Guests,N/A,Show 1 Date,https://cdn1.parksmedia.wdprapps.disney.com/resize/mwImage/1/960/270/75/dam/disney-cruise-line/cruise-products/nassau/nassau-03-16x9.jpg?1778446263813
5-Night Canada & New England Cruise from New York,"Sailing to Saint John (New Brunswick), Canada Boston, Massachusetts","₹5,10,554",INR,2 Guests,N/A,Show 1 Date,https://cdn1.parksmedia.wdprapps.disney.com/resize/mwImage/1/960/270/75/dam/disney-cruise-line/cruise-products/boston/boston-00-16x9.jpg?1714369603233
5-Night Spain Cruise from Southampton,"Sailing to La Coruña, Spain Bilbao, Spain","₹5,12,421",INR,2 Guests,N/A,Show 1 Date,https://cdn1.parksmedia.wdprapps.disney.com/resize/mwImage/1/350/200/75/dam/disney-cruise-line/cruise-products/bilbao/bilbao-00-16x9.jpg?1778085458513
14-Night Eastbound Panama Canal Cruise from San Diego ending in Galveston,"Sailing to Cabo San Lucas, Mexico Puerto Vallarta, Mexico Fuerte Amador (Panama City), Panama Panama Canal Cartagena, Colombia Galveston, Texas","₹5,20,256",INR,2 Guests,One-Way Cruise,Show 1 Date,https://cdn1.parksmedia.wdprapps.disney.com/resize/mwImage/1/350/200/75/dam/disney-cruise-line/cruise-products/galveston/galveston-adobestock_223086013-16x9.jpg?1789667022135
8-Night Alaskan Cruise from Vancouver,"Sailing to Glacier Viewing (Stikine Icecap), Alaska Skagway, Alaska Icy Strait Point, Alaska Sitka, Alaska Ketchikan, Alaska","₹5,20,971",INR,2 Guests,N/A,Show 1 Date,https://cdn1.parksmedia.wdprapps.disney.com/resize/mwImage/1/350/200/75/dam/disney-cruise-line/cruise-products/ketchikan/ketchikan-00-16x9.jpg?1714717055798
6-Night Bermuda & Canada Cruise from New York,"Sailing to King's Wharf, Bermuda Halifax (Nova Scotia), Canada","₹5,21,373",INR,2 Guests,N/A,Show 1 Date,https://cdn1.parksmedia.wdprapps.disney.com/resize/mwImage/1/960/270/75/dam/disney-cruise-line/cruise-products/bermuda/bermuda-01-16x9.jpg?1714368844655
5-Night Spain Cruise from Southampton,"Sailing to Vigo, Spain La Coruña, Spain","₹5,23,252",INR,2 Guests,N/A,Show 1 Date,https://cdn1.parksmedia.wdprapps.disney.com/resize/mwImage/1/350/200/75/dam/disney-cruise-line/cruise-products/la-coruna/la-coruna-00-16x9.jpg?1778852826069
7-Night Mexican Riviera Cruise from San Diego,"Sailing to Cabo San Lucas, Mexico Puerto Vallarta, Mexico Mazatlán, Mexico","₹5,26,396",INR,2 Guests,N/A,Show 1 Date,https://cdn1.parksmedia.wdprapps.disney.com/resize/mwImage/1/960/270/75/dam/disney-cruise-line/cruise-products/cabo-san-lucas/cabo-san-lucas-09-16x9.jpg?1714369794181
7-Night Western Caribbean Cruise from Fort Lauderdale,"Sailing to George Town, Grand Cayman Falmouth, Jamaica Disney Lookout Cay at Lighthouse Point Nassau, Bahamas","₹5,31,160",INR,2 Guests,N/A,Show 1 Date,https://cdn1.parksmedia.wdprapps.disney.com/resize/mwImage/1/350/200/75/dam/disney-cruise-line/cruise-products/nassau/nassau-03-16x9.jpg?1778446263813
7-Night Eastern Caribbean Cruise from Fort Lauderdale,"Sailing to Disney Lookout Cay at Lighthouse Point Disney Castaway Cay Puerto Plata, Dominican Republic Nassau, Bahamas","₹5,33,285",INR,2 Guests,N/A,Show 1 Date,https://cdn1.parksmedia.wdprapps.disney.com/resize/mwImage/1/350/200/75/dam/disney-cruise-line/cruise-products/castaway-cay/castaway-cay-07-16x9.jpg?1778446216018
5-Night Bahamian Cruise from Fort Lauderdale,Sailing to Disney Lookout Cay at Lighthouse Point Disney Castaway Cay,"₹5,44,692",INR,2 Guests,N/A,Show 1 Date,https://cdn1.parksmedia.wdprapps.disney.com/resize/mwImage/1/960/270/75/vision-dam/digital/parks-platform/parks-global-assets/disney-cruise-line/lighthouse-point/0607ZM_0117SD_xak-16x9.jpg?2024-09-10T15:57:48+00:00
8-Night Eastern Caribbean Cruise from Fort Lauderdale,"Sailing to Disney Lookout Cay at Lighthouse Point San Juan, Puerto Rico St. John's, Antigua Philipsburg, St. Maarten","₹5,52,937",INR,2 Guests,N/A,Show 1 Date,https://cdn1.parksmedia.wdprapps.disney.com/resize/mwImage/1/350/200/75/vision-dam/digital/parks-platform/parks-global-assets/disney-cruise-line/lighthouse-point/0607ZM_0117SD_xak-16x9.jpg?2024-09-10T15:57:48+00:00
7-Night Mexican Riviera Cruise from San Diego,"Sailing to Mazatlán, Mexico Puerto Vallarta, Mexico","₹5,53,642",INR,2 Guests,N/A,Show 1 Date,https://cdn1.parksmedia.wdprapps.disney.com/resize/mwImage/1/350/200/75/dam/disney-cruise-line/cruise-products/puerto-vallarta/puerto-vallarta-04-16x9.jpg?1714712635762
7-Night Eastern Caribbean Cruise from Port Canaveral,"Sailing to Philipsburg, St. Maarten St. Thomas, U.S. Virgin Islands Disney Castaway Cay","₹5,60,755",INR,2 Guests,N/A,Show 1 Date,https://cdn1.parksmedia.wdprapps.disney.com/resize/mwImage/1/350/200/75/dam/disney-cruise-line/cruise-products/castaway-cay/castaway-cay-00-16x9.jpg?1778446216015
7-Night Western Caribbean Cruise from Fort Lauderdale,"Sailing to Disney Lookout Cay at Lighthouse Point Falmouth, Jamaica George Town, Grand Cayman Cozumel, Mexico","₹5,73,973",INR,2 Guests,N/A,Show 1 Date,https://cdn1.parksmedia.wdprapps.disney.com/resize/mwImage/1/350/200/75/dam/disney-cruise-line/cruise-products/cozumel-mexico/cozumel-mexico-01-16x9.jpg?1714372283066
14-Night Westbound Panama Canal Cruise from Galveston ending in San Diego,"Sailing to Cozumel, Mexico Cartagena, Colombia Panama Canal Cabo San Lucas, Mexico Ensenada, Mexico San Diego, California","₹5,79,980",INR,2 Guests,One-Way Cruise,Show 1 Date,https://cdn1.parksmedia.wdprapps.disney.com/resize/mwImage/1/350/200/75/dam/disney-cruise-line/cruise-products/cabo-san-lucas/Cabo-San-Lucas-03-16x9.jpg?1714369794164
6-Night Western Europe Cruise from Barcelona ending in Southampton,"Sailing to Gibraltar Lisbon, Portugal Vigo, Spain Southampton, England","₹5,81,777",INR,2 Guests,One-Way Cruise,Show 1 Date,https://cdn1.parksmedia.wdprapps.disney.com/resize/mwImage/1/350/200/75/dam/disney-cruise-line/cruise-products/gibraltar/gibraltar-00-16x9.jpg?1770734145942
7-Night Eastern Caribbean Cruise from Fort Lauderdale,"Sailing to Disney Lookout Cay at Lighthouse Point Tortola, British Virgin Islands Philipsburg, St. Maarten","₹6,19,288",INR,2 Guests,N/A,Show 1 Date,https://cdn1.parksmedia.wdprapps.disney.com/resize/mwImage/1/960/270/75/vision-dam/digital/parks-platform/parks-global-assets/disney-cruise-line/lighthouse-point/0607ZM_0117SD_xak-16x9.jpg?2024-09-10T15:57:48+00:00
7-Night Mediterranean Cruise from Barcelona,"Sailing to Palma de Mallorca, Spain Naples (Pompeii), Italy Civitavecchia (Rome), Italy Livorno (Florence, Pisa), Italy","₹6,22,873",INR,2 Guests,N/A,Show 2 Dates,https://cdn1.parksmedia.wdprapps.disney.com/resize/mwImage/1/350/200/75/dam/disney-cruise-line/cruise-products/naples/naples-02-16x9.jpg?1714718070721
7-Night Mediterranean Cruise from Barcelona,"Sailing to Naples (Pompeii), Italy Civitavecchia (Rome), Italy Livorno (Florence, Pisa), Italy Genoa (Milan), Italy","₹6,23,010",INR,2 Guests,N/A,Show 1 Date,https://cdn1.parksmedia.wdprapps.disney.com/resize/mwImage/1/350/200/75/dam/disney-cruise-line/cruise-products/naples/naples-italy--adobestock_259918093-16x9.jpg?1714718070722
7-Night British Isles Cruise from Southampton,"Sailing to Greenock (Glasgow & Edinburgh), Scotland Liverpool, England Belfast, Northern Ireland Portland (Stonehenge), England","₹6,25,622",INR,2 Guests,N/A,Show 1 Date,https://cdn1.parksmedia.wdprapps.disney.com/resize/mwImage/1/350/200/75/dam/disney-cruise-line/cruise-products/belfast/belfast-northern-ireland-02-16x9.jpg?1714368806759
8-Night Bermuda Cruise from Fort Lauderdale,"Sailing to King's Wharf, Bermuda King's Wharf, Bermuda Disney Lookout Cay at Lighthouse Point Disney Castaway Cay","₹6,36,143",INR,2 Guests,N/A,Show 1 Date,https://cdn1.parksmedia.wdprapps.disney.com/resize/mwImage/1/350/200/75/vision-dam/digital/parks-platform/parks-global-assets/disney-cruise-line/lighthouse-point/0620ZM_0032SD_R2_xak-16x9.jpg?2024-09-10T15:57:48+00:00
7-Night Eastern Caribbean Cruise from Fort Lauderdale,"Sailing to Disney Castaway Cay Disney Lookout Cay at Lighthouse Point San Juan, Puerto Rico Puerto Plata, Dominican Republic","₹6,41,216",INR,2 Guests,N/A,Show 2 Dates,https://cdn1.parksmedia.wdprapps.disney.com/resize/mwImage/1/350/200/75/dam/disney-cruise-line/cruise-products/san-juan/san-juan-adobeStock_217207571-16x9.jpg?1789667158352
7-Night Eastern Caribbean Cruise from Port Canaveral,"Sailing to Tortola, British Virgin Islands San Juan, Puerto Rico Disney Castaway Cay","₹6,50,711",INR,2 Guests,N/A,Show 1 Date,https://cdn1.parksmedia.wdprapps.disney.com/resize/mwImage/1/960/270/75/dam/disney-cruise-line/cruise-products/san-juan/san-juan-adobeStock_256981147-16x9.jpg?1789667158352
7-Night Northern Europe Cruise from Southampton,"Sailing to Rotterdam (Amsterdam), Netherlands Kristiansand, Norway Copenhagen, Denmark Skagen, Denmark","₹6,68,736",INR,2 Guests,N/A,Show 1 Date,https://cdn1.parksmedia.wdprapps.disney.com/resize/mwImage/1/350/200/75/dam/disney-cruise-line/cruise-products/copenhagen/copenhagen-adobestock_289668693-16x9.jpg?1759859223482
7-Night Western Caribbean Cruise from Port Canaveral,"Sailing to Disney Castaway Cay Disney Lookout Cay at Lighthouse Point Cozumel, Mexico","₹7,10,146",INR,2 Guests,N/A,Show 1 Date,https://cdn1.parksmedia.wdprapps.disney.com/resize/mwImage/1/960/270/75/vision-dam/digital/parks-platform/parks-global-assets/disney-cruise-line/lighthouse-point/0607ZM_0117SD_xak-16x9.jpg?2024-09-10T15:57:48+00:00
8-Night Mediterranean Cruise with Greek Isles from Civitavecchia (Rome),"Sailing to Chania, Greece Santorini, Greece Rhodes, Greece Mykonos, Greece Naples (Pompeii), Italy","₹7,22,900",INR,2 Guests,N/A,Show 1 Date,https://cdn1.parksmedia.wdprapps.disney.com/resize/mwImage/1/350/200/75/dam/disney-cruise-line/cruise-products/Chania/Chania-00.jpg?1725572031484
7-Night Southern Caribbean Cruise from San Juan,"Sailing to Willemstad, Curaçao Oranjestad, Aruba St. John's, Antigua Philipsburg, St. Maarten","₹7,45,919",INR,2 Guests,N/A,Show 1 Date,https://cdn1.parksmedia.wdprapps.disney.com/resize/mwImage/1/350/200/75/dam/disney-cruise-line/cruise-products/willemstad-curacao/willemstad-curacao-00-16x9.jpg?1714372277592
9-Night Mediterranean with Greek Isles Cruise from Barcelona ending in Civitavecchia (Rome),"Sailing to Valletta, Malta Chania, Greece Piraeus (Athens), Greece Mykonos, Greece Naples (Pompeii), Italy Civitavecchia (Rome), Italy","₹7,49,695",INR,2 Guests,One-Way Cruise,Show 1 Date,https://cdn1.parksmedia.wdprapps.disney.com/resize/mwImage/1/350/200/75/vision-dam/digital/parks-platform/parks-global-assets/disney-cruise-line/ports/valletta-malta/282275057-00.jpg?2023-02-27T17:17:56+00:00
7-Night Norwegian Fjords Cruise from Southampton,"Sailing to Kristiansand, Norway Olden, Norway Alesund, Norway Haugesund, Norway","₹7,59,303",INR,2 Guests,N/A,Show 1 Date,https://cdn1.parksmedia.wdprapps.disney.com/resize/mwImage/1/350/200/75/dam/disney-cruise-line/cruise-products/alesund/alesund-Adobestock_270351479Alesund--16x9.jpg?1722443125633
7-Night Norwegian Fjords Cruise from Southampton,"Sailing to Bergen, Norway Hellesylt, Norway Alesund, Norway Stavanger, Norway","₹7,62,258",INR,2 Guests,N/A,Show 1 Date,https://cdn1.parksmedia.wdprapps.disney.com/resize/mwImage/1/350/200/75/dam/disney-cruise-line/cruise-products/stavanger/stavanger-adobeStock_236296758-16x9.jpg?1714293207336
7-Night Western Caribbean Cruise from Port Canaveral,"Sailing to Disney Castaway Cay Falmouth, Jamaica George Town, Grand Cayman","₹7,72,155",INR,2 Guests,N/A,Show 1 Date,https://cdn1.parksmedia.wdprapps.disney.com/resize/mwImage/1/350/200/75/dam/disney-cruise-line/cruise-products/castaway-cay/castaway-cay-00-16x9.jpg?1778446216015
8-Night Eastern Caribbean Cruise from Port Canaveral,"Sailing to Tortola, British Virgin Islands St. Thomas, U.S. Virgin Islands San Juan, Puerto Rico Disney Castaway Cay","₹7,94,327",INR,2 Guests,N/A,Show 1 Date,https://cdn1.parksmedia.wdprapps.disney.com/resize/mwImage/1/960/270/75/dam/disney-cruise-line/cruise-products/san-juan/san-juan-adobeStock_256981147-16x9.jpg?1789667158352
8-Night Adriatic Sea and Greece Cruise from Civitavecchia (Rome),"Sailing to Corfu, Greece Trieste (Venice), Italy Zadar, Croatia Dubrovnik, Croatia","₹7,96,949",INR,2 Guests,N/A,Show 1 Date,https://cdn1.parksmedia.wdprapps.disney.com/resize/mwImage/1/350/200/75/vision-dam/digital/parks-platform/parks-global-assets/disney-cruise-line/ports/zadar-croatia/AS_245125923-00.jpg?2025-12-02T21:09:33+00:00
10-Night Mediterranean with Greek Isles Cruise from Civitavecchia (Rome) ending in Barcelona,"Sailing to Piraeus (Athens), Greece Mykonos, Greece Rhodes, Greece Chania, Greece Messina (Sicily), Italy Barcelona, Spain","₹7,97,132",INR,2 Guests,One-Way Cruise,Show 1 Date,https://cdn1.parksmedia.wdprapps.disney.com/resize/mwImage/1/350/200/75/dam/disney-cruise-line/cruise-products/Chania/Chania-00.jpg?1725572031484
10-Night Southern Caribbean Cruise from Port Canaveral,"Sailing to Philipsburg, St. Maarten Castries, St. Lucia St. John's, Antigua San Juan, Puerto Rico Disney Lookout Cay at Lighthouse Point Disney Castaway Cay","₹8,16,384",INR,2 Guests,N/A,Show 1 Date,https://cdn1.parksmedia.wdprapps.disney.com/resize/mwImage/1/350/200/75/vision-dam/digital/parks-platform/parks-global-assets/disney-cruise-line/lighthouse-point/0607ZM_0117SD_xak-16x9.jpg?2024-09-10T15:57:48+00:00
4-Night Bermuda Cruise from New York,"Sailing to King's Wharf, Bermuda","₹24,83,273",INR,2 Guests,N/A,Show 1 Date,https://cdn1.parksmedia.wdprapps.disney.com/resize/mwImage/1/350/200/75/dam/disney-cruise-line/cruise-products/bermuda/bermuda-01-16x9.jpg?1714368844655
